<?xml version="1.0" encoding="UTF-8"?>

<!--
  ~ JBoss, Home of Professional Open Source.
  ~ Copyright 2010, Red Hat, Inc., and individual contributors
  ~ as indicated by the @author tags. See the copyright.txt file in the
  ~ distribution for a full listing of individual contributors.
  ~
  ~ This is free software; you can redistribute it and/or modify it
  ~ under the terms of the GNU Lesser General Public License as
  ~ published by the Free Software Foundation; either version 2.1 of
  ~ the License, or (at your option) any later version.
  ~
  ~ This software is distributed in the hope that it will be useful,
  ~ but WITHOUT ANY WARRANTY; without even the implied warranty of
  ~ MERCHANTABILITY or FITNESS FOR A PARTICULAR PURPOSE. See the GNU
  ~ Lesser General Public License for more details.
  ~
  ~ You should have received a copy of the GNU Lesser General Public
  ~ License along with this software; if not, write to the Free
  ~ Software Foundation, Inc., 51 Franklin St, Fifth Floor, Boston, MA
  ~ 02110-1301 USA, or see the FSF site: http://www.fsf.org.
  -->

<module xmlns="urn:jboss:module:1.3" name="org.jboss.as.appclient">
    <properties>
        <property name="jboss.api" value="private"/>
        <property name="jboss.require-java-version" value="1.7"/>
    </properties>

    <exports>
        <exclude path="org/jboss/as/appclient/logging"/>
    </exports>

    <main-class name="org.jboss.as.appclient.subsystem.Main"/>

    <resources>
        <resource-root path="wildfly-appclient-7.0.0.GA-redhat-2.jar"/>
    </resources>

    <dependencies>
        <module name="javax.api"/>
        <module name="org.apache.xalan" services="import"/>
        <module name="org.apache.xerces" services="import"/>
        <module name="org.codehaus.woodstox" services="import"/>
        <module name="org.jboss.as.server" export="true"/>
        <module name="javax.api"/>
        <module name="org.jboss.dmr"/>
        <module name="org.jboss.ejb-client"/>
        <module name="org.jboss.invocation"/>
        <module name="org.jboss.modules"/>
        <module name="org.jboss.msc" export="true"/>
        <module name="org.jboss.logging"/>
        <module name="org.jboss.logmanager" services="import"/>
        <module name="org.jboss.log4j.logmanager"/>
        <module name="org.jboss.remoting"/>
        <module name="org.jboss.staxmapper"/>
        <module name="org.jboss.stdio"/>
        <module name="org.jboss.threads"/>
        <module name="org.jboss.vfs"/>
        <module name="org.jboss.as.naming"/>
        <module name="org.jboss.as.controller"/>
        <module name="org.jboss.as.deployment-repository"/>
        <module name="org.jboss.as.domain-http-interface"/>
        <module name="org.jboss.as.domain-management"/>
        <module name="org.jboss.as.ee"/>
        <module name="org.wildfly.embedded"/>
        <module name="org.jboss.as.network"/>
        <module name="org.jboss.as.platform-mbean"/>
        <module name="org.jboss.as.process-controller"/>
        <module name="org.jboss.as.protocol"/>
        <module name="org.jboss.as.remoting"/>
        <module name="org.jboss.as.security"/>
        <module name="org.wildfly.security.elytron" services="import"/>
        <module name="org.jboss.as.version"/>
        <module name="org.picketbox"/>
        <module name="org.jboss.metadata.common"/>
        <module name="org.jboss.metadata.appclient"/>
    </dependencies>
</module>
