<?xml version="1.0" encoding="UTF-8"?>

<!--
  ~ JBoss, Home of Professional Open Source.
  ~ Copyright 2010, Red Hat, Inc., and individual contributors
  ~ as indicated by the @author tags. See the copyright.txt file in the
  ~ distribution for a full listing of individual contributors.
  ~
  ~ This is free software; you can redistribute it and/or modify it
  ~ under the terms of the GNU Lesser General Public License as
  ~ published by the Free Software Foundation; either version 2.1 of
  ~ the License, or (at your option) any later version.
  ~
  ~ This software is distributed in the hope that it will be useful,
  ~ but WITHOUT ANY WARRANTY; without even the implied warranty of
  ~ MERCHANTABILITY or FITNESS FOR A PARTICULAR PURPOSE. See the GNU
  ~ Lesser General Public License for more details.
  ~
  ~ You should have received a copy of the GNU Lesser General Public
  ~ License along with this software; if not, write to the Free
  ~ Software Foundation, Inc., 51 Franklin St, Fifth Floor, Boston, MA
  ~ 02110-1301 USA, or see the FSF site: http://www.fsf.org.
  -->

<module xmlns="urn:jboss:module:1.3" name="org.jboss.as.controller">
    <properties>
        <property name="jboss.api" value="private"/>
    </properties>

    <resources>
        <resource-root path="wildfly-controller-2.1.2.Final-redhat-1.jar"/>
    </resources>

    <dependencies>
        <!-- Needed to load up com.ibm.security.auth.PolicyFile -->
        <module name="ibm.jdk" export="true" optional="true"/>
        <module name="javax.api"/>
        <module name="org.jboss.as.controller-client" export="true"/>
        <module name="org.jboss.as.core-security"/>
        <module name="org.jboss.as.protocol"/>
        <module name="org.jboss.as.version"/>
        <module name="org.wildfly.security.elytron"/>
        <module name="org.jboss.dmr" export="true"/>
        <module name="org.jboss.logging"/>
        <module name="org.jboss.logmanager"/>
        <module name="org.jboss.modules"/>
        <module name="org.jboss.msc"/>
        <module name="org.jboss.remoting"/>
        <module name="org.jboss.staxmapper"/>
        <module name="org.jboss.threads"/>
        <!-- Needed to load up com.sun.security.auth.PolicyFile.
             Not exported because org.jboss.as.domain-management already exports it and that should suffice
             for use in other core modules -->
        <module name="sun.jdk"/>
    </dependencies>
</module>
